-- phpMyAdmin SQL Dump
-- version 5.2.0
-- https://www.phpmyadmin.net/
--
-- Host: localhost
-- Generation Time: Feb 13, 2023 at 07:53 PM
-- Server version: 10.4.27-MariaDB
-- PHP Version: 8.0.25

SET SQL_MODE = "NO_AUTO_VALUE_ON_ZERO";
START TRANSACTION;
SET time_zone = "+00:00";


/*!40101 SET @OLD_CHARACTER_SET_CLIENT=@@CHARACTER_SET_CLIENT */;
/*!40101 SET @OLD_CHARACTER_SET_RESULTS=@@CHARACTER_SET_RESULTS */;
/*!40101 SET @OLD_COLLATION_CONNECTION=@@COLLATION_CONNECTION */;
/*!40101 SET NAMES utf8mb4 */;

--
-- Database: `assignment_1`
--
DROP Database `assignment_1`;
CREATE DATABASE IF NOT EXISTS `assignment_1` DEFAULT CHARACTER SET utf8mb4 COLLATE utf8mb4_general_ci;
USE `assignment_1`;

-- --------------------------------------------------------

--
-- Table structure for table `Orders`
--

DROP TABLE IF EXISTS `Orders`;
CREATE TABLE `Orders` (
  `order_id` int(11) NOT NULL,
  `user_id` int(11) NOT NULL,
  `registered_date` date NOT NULL
) ENGINE=InnoDB DEFAULT CHARSET=utf8mb4 COLLATE=utf8mb4_general_ci;

--
-- Dumping data for table `Orders`
--

INSERT INTO `Orders` (`order_id`, `user_id`, `registered_date`) VALUES
(1, 13, '1995-10-27'),
(2, 23, '2003-10-22'),
(3, 42, '1995-08-25'),
(4, 13, '2007-07-15'),
(5, 35, '2007-12-08'),
(6, 45, '2012-04-04'),
(7, 46, '2014-07-02'),
(8, 24, '1995-12-01'),
(9, 34, '2018-07-11'),
(10, 7, '2000-02-27'),
(11, 41, '2012-06-24'),
(12, 14, '2005-12-25'),
(13, 8, '2007-03-23'),
(14, 7, '2002-05-10'),
(15, 41, '2022-11-20'),
(16, 38, '2019-09-27'),
(17, 36, '2021-12-11'),
(18, 12, '1999-01-05'),
(19, 22, '1998-05-05'),
(20, 23, '1996-07-02'),
(21, 13, '2022-09-13'),
(22, 9, '2001-02-15'),
(23, 25, '2017-12-19'),
(24, 44, '1997-03-06'),
(25, 34, '1995-02-22'),
(26, 48, '2019-06-21'),
(27, 28, '1993-03-06'),
(28, 15, '2021-08-30'),
(29, 30, '2016-06-20'),
(30, 34, '2003-09-15'),
(31, 12, '2015-09-02'),
(32, 30, '2014-11-25'),
(33, 30, '2022-02-02'),
(34, 26, '2009-03-02'),
(35, 7, '1999-03-11'),
(36, 5, '2016-06-11'),
(37, 9, '2016-07-26'),
(38, 4, '2009-05-24'),
(39, 28, '1993-08-16'),
(40, 5, '2022-04-01'),
(41, 31, '2006-07-28'),
(42, 9, '2003-03-20'),
(43, 35, '2016-03-07'),
(44, 45, '2015-01-28'),
(45, 33, '2022-01-19'),
(46, 37, '1996-05-29'),
(47, 21, '2015-08-07'),
(48, 1, '2022-04-03'),
(49, 2, '1995-06-25'),
(50, 21, '2012-03-27'),
(51, 12, '2019-02-16'),
(52, 27, '2018-11-19'),
(53, 2, '2002-06-11'),
(54, 16, '2020-04-19'),
(55, 24, '2009-10-23'),
(56, 37, '2014-06-11'),
(57, 5, '2010-04-27'),
(58, 14, '2003-06-15'),
(59, 24, '2006-11-06'),
(60, 34, '2015-09-26'),
(61, 8, '2010-04-01'),
(62, 13, '2011-03-10'),
(63, 48, '2018-03-21'),
(64, 18, '2016-10-18'),
(65, 40, '2017-11-07'),
(66, 45, '2010-01-28'),
(67, 49, '1993-12-22'),
(68, 37, '1993-07-27'),
(69, 12, '2013-02-20'),
(70, 3, '2020-12-10'),
(71, 20, '2018-02-25'),
(72, 15, '2014-03-08'),
(73, 6, '2002-11-03'),
(74, 32, '2022-08-17'),
(75, 4, '1993-04-28'),
(76, 3, '2014-09-17'),
(77, 3, '2008-07-21'),
(78, 8, '2005-10-07'),
(79, 11, '2021-05-23'),
(80, 45, '2020-09-28'),
(81, 5, '2009-08-06'),
(82, 40, '2009-12-13'),
(83, 4, '2021-11-13'),
(84, 18, '1998-08-31'),
(85, 46, '2018-08-25'),
(86, 31, '2013-11-03'),
(87, 27, '2005-01-12'),
(88, 8, '2012-04-25'),
(89, 15, '2005-10-17'),
(90, 2, '2006-11-09'),
(91, 11, '2014-12-05'),
(92, 23, '2021-09-11'),
(93, 11, '2004-02-09'),
(94, 18, '2011-03-07'),
(95, 2, '2002-01-04'),
(96, 33, '2008-04-02'),
(97, 24, '1998-03-12'),
(98, 18, '2015-01-30'),
(99, 10, '1999-02-18'),
(100, 45, '1993-05-19'),
(101, 40, '1998-11-11'),
(102, 40, '2006-11-07'),
(103, 17, '2020-10-26'),
(104, 46, '2019-03-02'),
(105, 15, '2003-07-29'),
(106, 1, '1996-07-19'),
(107, 11, '2010-09-25'),
(108, 48, '2015-06-09'),
(109, 35, '1994-11-10'),
(110, 33, '2013-03-05'),
(111, 38, '2003-09-15'),
(112, 19, '2017-10-01'),
(113, 17, '1993-04-04'),
(114, 8, '2002-02-04'),
(115, 37, '2020-12-25'),
(116, 17, '2017-09-01'),
(117, 37, '2002-07-12'),
(118, 10, '2022-05-31'),
(119, 44, '2001-09-17'),
(120, 17, '1996-05-25'),
(121, 21, '2022-05-31'),
(122, 11, '2010-01-05'),
(123, 8, '1998-11-19'),
(124, 16, '2012-01-02'),
(125, 32, '1998-06-26'),
(126, 48, '1996-03-01'),
(127, 47, '2009-10-18'),
(128, 29, '2009-11-23'),
(129, 7, '2020-12-16'),
(130, 10, '2016-08-22'),
(131, 35, '1997-09-11'),
(132, 6, '2021-11-14'),
(133, 46, '1993-10-02'),
(134, 15, '2021-02-16'),
(135, 48, '2015-08-26'),
(136, 35, '1998-02-08'),
(137, 13, '2014-01-14'),
(138, 40, '2003-10-06'),
(139, 26, '2013-10-03'),
(140, 29, '2000-03-25'),
(141, 2, '2010-06-23'),
(142, 1, '2001-01-05'),
(143, 48, '2015-08-09'),
(144, 1, '1993-08-16'),
(145, 48, '2018-12-01'),
(146, 12, '2021-02-03'),
(147, 33, '2021-09-13'),
(148, 18, '2016-12-31'),
(149, 9, '2020-01-30'),
(150, 18, '2009-09-13'),
(151, 16, '2006-08-17'),
(152, 41, '1996-06-25'),
(153, 17, '1995-11-12'),
(154, 19, '2009-02-13'),
(155, 4, '2003-03-22'),
(156, 3, '2019-07-31'),
(157, 16, '1994-08-31'),
(158, 48, '2001-12-14'),
(159, 15, '2016-12-28'),
(160, 33, '1999-04-04'),
(161, 38, '2000-08-28'),
(162, 24, '2005-04-13'),
(163, 13, '1994-10-31'),
(164, 7, '2011-04-04'),
(165, 19, '2017-02-08'),
(166, 6, '1993-06-29'),
(167, 2, '2011-12-15'),
(168, 1, '2022-10-03'),
(169, 8, '2011-07-24'),
(170, 18, '1993-03-23'),
(171, 38, '2013-12-19'),
(172, 35, '2019-01-15'),
(173, 32, '2011-11-30'),
(174, 48, '2011-07-26'),
(175, 15, '2000-07-13'),
(176, 28, '2022-07-11'),
(177, 49, '2010-01-19'),
(178, 16, '2007-04-09'),
(179, 3, '2015-01-12'),
(180, 2, '2000-06-07'),
(181, 14, '2008-03-16'),
(182, 40, '2012-01-12'),
(183, 47, '2005-12-02'),
(184, 2, '2011-02-02'),
(185, 15, '2017-05-17'),
(186, 48, '2002-11-04'),
(187, 30, '2013-08-22'),
(188, 31, '2014-11-04'),
(189, 37, '2005-01-21'),
(190, 37, '2010-10-10'),
(191, 4, '2001-08-03'),
(192, 49, '2011-06-22'),
(193, 36, '2009-08-01'),
(194, 31, '2003-11-07'),
(195, 40, '2016-05-07'),
(196, 14, '1995-07-06'),
(197, 12, '1994-12-05'),
(198, 37, '2001-04-27'),
(199, 23, '2000-11-16'),
(200, 34, '2012-10-22');

-- --------------------------------------------------------

--
-- Table structure for table `OrdersProducts`
--

DROP TABLE IF EXISTS `OrdersProducts`;
CREATE TABLE `OrdersProducts` (
  `order_id` int(11) NOT NULL,
  `product_id` int(11) NOT NULL,
  `quantity` int(11) NOT NULL,
  `price` float NOT NULL
) ENGINE=InnoDB DEFAULT CHARSET=utf8mb4 COLLATE=utf8mb4_general_ci;

--
-- Dumping data for table `OrdersProducts`
--

INSERT INTO `OrdersProducts` (`order_id`, `product_id`, `quantity`, `price`) VALUES
(1, 34, 4, 406.06),
(1, 56, 4, 136.97),
(1, 81, 40, 236.66),
(1, 90, 3, 357.73),
(1, 91, 24, 797.27),
(1, 98, 24, 266.19),
(2, 2, 22, 839.3),
(2, 4, 28, 611.08),
(2, 11, 17, 816.63),
(2, 33, 40, 284.31),
(2, 49, 32, 768.54),
(2, 66, 23, 547.75),
(2, 74, 38, 990.56),
(2, 88, 2, 935.42),
(2, 101, 5, 323.86),
(3, 12, 14, 398.54),
(3, 15, 3, 339.43),
(3, 28, 2, 212.82),
(3, 39, 33, 598.24),
(3, 68, 18, 79.53),
(3, 99, 5, 5.38),
(3, 114, 21, 882.19),
(4, 38, 21, 538.62),
(4, 47, 22, 636.83),
(5, 16, 39, 641.08),
(5, 48, 14, 984),
(6, 66, 29, 238.63),
(7, 8, 9, 291.02),
(7, 48, 29, 987.47),
(7, 51, 18, 716.18),
(7, 57, 28, 814.95),
(7, 67, 35, 63.69),
(7, 72, 4, 793.17),
(7, 97, 14, 584.68),
(7, 100, 33, 735.07),
(7, 110, 11, 191.59),
(8, 5, 28, 704.86),
(8, 7, 17, 210.36),
(8, 19, 36, 184.27),
(8, 21, 36, 610.27),
(8, 23, 10, 768.88),
(8, 62, 27, 350.16),
(8, 82, 23, 596.4),
(9, 59, 21, 761.95),
(9, 86, 29, 322.3),
(10, 1, 31, 803.55),
(10, 22, 39, 698.25),
(10, 31, 33, 250.02),
(10, 42, 36, 143.81),
(10, 92, 33, 339.27),
(10, 107, 34, 32.18),
(10, 109, 15, 590.01),
(11, 10, 21, 297.41),
(11, 69, 33, 14.08),
(11, 90, 23, 158.75),
(12, 30, 28, 904.41),
(12, 65, 25, 992.89),
(12, 95, 2, 290.6),
(12, 111, 26, 876.67),
(13, 4, 39, 598.45),
(13, 7, 3, 415.67),
(13, 11, 19, 628.08),
(13, 61, 20, 659.83),
(13, 63, 35, 88.37),
(13, 78, 30, 548.41),
(13, 90, 9, 85.9),
(13, 102, 7, 190.12),
(13, 105, 28, 710.48),
(14, 17, 30, 705.73),
(14, 21, 16, 227.55),
(14, 22, 26, 20.2),
(14, 32, 14, 818.48),
(14, 44, 26, 650.15),
(14, 72, 2, 420.26),
(15, 3, 11, 673.54),
(15, 14, 5, 609.85),
(15, 18, 18, 582.18),
(15, 24, 36, 115.93),
(15, 64, 7, 643.55),
(15, 96, 19, 636.63),
(16, 24, 34, 553.08),
(16, 86, 32, 524.45),
(16, 110, 10, 506.36),
(17, 11, 27, 90.62),
(17, 35, 1, 170.67),
(17, 48, 13, 636.88),
(17, 63, 32, 87.28),
(17, 65, 8, 126.83),
(17, 70, 6, 732.32),
(17, 85, 2, 874.7),
(17, 112, 35, 201.14),
(18, 15, 6, 123.83),
(18, 24, 14, 200.34),
(18, 54, 1, 937.97),
(18, 86, 34, 14.66),
(19, 6, 40, 293.6),
(19, 50, 40, 869.71),
(19, 52, 10, 365.39),
(19, 95, 38, 46.45),
(20, 37, 32, 393.34),
(20, 47, 4, 595.04),
(20, 49, 15, 494.76),
(20, 62, 15, 948.44),
(20, 71, 13, 457.14),
(20, 106, 3, 808.28),
(20, 112, 36, 791.14),
(21, 30, 29, 953.94),
(21, 68, 9, 473.73),
(21, 96, 34, 934.46),
(21, 114, 19, 71.29),
(22, 16, 29, 78.58),
(22, 26, 18, 274.05),
(22, 31, 36, 786.2),
(22, 37, 9, 624.95),
(22, 47, 37, 986.23),
(22, 73, 35, 399.54),
(22, 89, 17, 910.11),
(22, 93, 26, 92.58),
(22, 112, 23, 527.78),
(23, 19, 30, 780.93),
(23, 37, 17, 383.5),
(23, 52, 27, 755.88),
(23, 71, 20, 595.53),
(23, 83, 8, 933.53),
(23, 100, 22, 788.45),
(23, 108, 27, 39.05),
(24, 35, 34, 466.46),
(24, 42, 34, 272.09),
(24, 53, 8, 938.13),
(24, 54, 22, 392.76),
(24, 62, 30, 157.16),
(24, 77, 23, 863.39),
(24, 108, 23, 75.13),
(24, 110, 7, 89.23),
(25, 24, 39, 768.93),
(25, 36, 37, 306.25),
(25, 37, 10, 384.58),
(25, 59, 10, 355.82),
(25, 66, 1, 527.91),
(25, 79, 12, 917.33),
(25, 111, 14, 534.45),
(25, 113, 21, 585.06),
(25, 114, 17, 7.41),
(26, 7, 27, 71.19),
(26, 13, 10, 312.99),
(26, 30, 26, 325.39),
(26, 81, 29, 557.3),
(26, 88, 4, 781.42),
(27, 11, 7, 514.79),
(27, 25, 21, 813.12),
(27, 33, 11, 448.45),
(27, 59, 13, 296.91),
(27, 73, 37, 612.53),
(27, 75, 14, 472.39),
(27, 97, 27, 295.24),
(27, 100, 39, 36.38),
(27, 109, 14, 924.97),
(28, 32, 4, 685.08),
(28, 35, 15, 276.17),
(28, 79, 39, 81.31),
(28, 100, 29, 895.69),
(29, 5, 9, 982.98),
(29, 59, 23, 947.04),
(29, 74, 40, 332.11),
(29, 82, 37, 538.62),
(29, 103, 17, 440.29),
(30, 2, 27, 452.51),
(30, 8, 1, 227.54),
(30, 13, 22, 531.05),
(30, 19, 36, 298.39),
(30, 49, 17, 514.87),
(30, 71, 35, 733.54),
(30, 78, 16, 57.73),
(30, 79, 1, 984.55),
(30, 89, 1, 360.44),
(31, 20, 33, 141.68),
(31, 100, 3, 105.96),
(31, 107, 6, 595.29),
(32, 2, 39, 822.71),
(32, 102, 34, 498.59),
(33, 1, 8, 528.44),
(33, 6, 37, 727.15),
(33, 7, 13, 804.91),
(33, 88, 28, 311.51),
(33, 103, 8, 693.84),
(34, 34, 20, 747.87),
(34, 52, 18, 120.49),
(34, 55, 30, 805.07),
(34, 69, 21, 66.29),
(34, 96, 16, 921.71),
(34, 97, 37, 366.6),
(35, 7, 29, 588.53),
(35, 11, 19, 498.74),
(35, 14, 20, 995.95),
(35, 25, 30, 753.36),
(35, 40, 1, 685.51),
(35, 41, 38, 560.95),
(35, 51, 35, 416.34),
(35, 66, 22, 59.78),
(35, 85, 2, 47.08),
(35, 92, 16, 92.87),
(36, 14, 40, 129.81),
(36, 32, 25, 158.57),
(36, 34, 39, 172.07),
(36, 59, 25, 318.95),
(36, 78, 36, 55.66),
(36, 82, 1, 271.89),
(36, 103, 17, 302.49),
(36, 107, 7, 623.16),
(37, 3, 35, 491.98),
(37, 9, 24, 19.02),
(37, 25, 30, 383.94),
(37, 31, 40, 765.52),
(37, 46, 13, 598),
(37, 50, 38, 862.48),
(37, 67, 34, 606.04),
(37, 70, 23, 755.94),
(37, 102, 13, 736.24),
(37, 112, 15, 390.65),
(38, 37, 28, 381.41),
(38, 46, 24, 449.37),
(38, 49, 24, 558.06),
(38, 74, 7, 421.61),
(38, 85, 4, 507.28),
(38, 108, 35, 357.26),
(39, 17, 27, 433.22),
(39, 24, 13, 233.02),
(39, 25, 39, 409.78),
(39, 28, 17, 299.09),
(40, 29, 38, 763.75),
(40, 50, 10, 113.16),
(40, 56, 23, 404.94),
(40, 78, 4, 437.89),
(41, 9, 26, 636.96),
(41, 42, 30, 563.62),
(41, 110, 35, 470.59),
(41, 111, 19, 671.66),
(42, 79, 8, 613.46),
(43, 35, 9, 688.61),
(44, 22, 4, 634.36),
(45, 70, 39, 482.53),
(45, 81, 28, 945),
(45, 104, 9, 887.55),
(46, 21, 8, 255.63),
(46, 34, 39, 562.82),
(46, 44, 40, 342.01),
(46, 46, 5, 822.43),
(46, 89, 19, 476.6),
(46, 90, 32, 725.04),
(46, 110, 17, 689.74),
(47, 12, 32, 61.46),
(47, 39, 10, 397.36),
(47, 45, 4, 910.86),
(47, 63, 23, 43.75),
(47, 69, 13, 494.17),
(48, 10, 35, 889.84),
(48, 21, 34, 243.87),
(48, 39, 27, 669.34),
(48, 54, 24, 900.09),
(49, 8, 28, 630.57),
(49, 21, 13, 999.53),
(50, 35, 18, 185.36),
(50, 61, 13, 448.15),
(50, 64, 27, 688.51),
(50, 74, 16, 552.93),
(51, 13, 38, 162.27),
(51, 16, 25, 884.28),
(51, 22, 29, 90.81),
(51, 39, 32, 331.76),
(51, 46, 24, 678.54),
(51, 58, 24, 407.88),
(51, 93, 14, 840.1),
(51, 98, 24, 3.78),
(51, 109, 39, 586.43),
(52, 20, 20, 196.66),
(52, 22, 12, 558.19),
(52, 26, 27, 64.79),
(52, 58, 26, 138.39),
(52, 86, 27, 186.12),
(52, 105, 7, 995.57),
(52, 109, 8, 256.41),
(52, 112, 17, 449.39),
(53, 10, 33, 339.64),
(53, 17, 17, 535.61),
(53, 48, 22, 728.62),
(54, 6, 31, 428.75),
(54, 47, 36, 402.57),
(54, 75, 26, 879.28),
(54, 81, 36, 488.92),
(55, 5, 30, 554.15),
(55, 10, 19, 300.09),
(55, 30, 14, 25.23),
(55, 59, 14, 223.44),
(56, 16, 1, 32.79),
(56, 26, 38, 311.5),
(56, 31, 9, 557.15),
(56, 37, 6, 338),
(56, 60, 26, 912.14),
(57, 12, 37, 956.52),
(57, 30, 21, 599.19),
(57, 34, 4, 903.98),
(57, 42, 39, 239.73),
(57, 84, 12, 442.75),
(58, 5, 21, 670.97),
(58, 78, 13, 295.87),
(58, 103, 6, 982.05),
(59, 33, 38, 418),
(59, 54, 11, 31.72),
(59, 56, 37, 579.54),
(59, 80, 22, 646.32),
(59, 81, 26, 400.36),
(59, 85, 8, 534.24),
(59, 92, 18, 136.38),
(59, 93, 26, 544.93),
(59, 107, 9, 346.47),
(59, 109, 22, 239.36),
(60, 20, 40, 337.3),
(60, 24, 27, 707.43),
(60, 35, 3, 641.4),
(60, 38, 17, 666.49),
(60, 42, 20, 309.02),
(60, 44, 10, 148.8),
(60, 58, 19, 974.52),
(60, 60, 24, 342.21),
(60, 61, 10, 183.75),
(60, 77, 20, 393.62),
(61, 48, 34, 596.32),
(61, 55, 12, 904.62),
(61, 102, 16, 794.17),
(62, 31, 34, 749.84),
(62, 100, 33, 278.94),
(63, 9, 8, 139.33),
(63, 26, 10, 431.96),
(63, 57, 23, 210.6),
(63, 60, 31, 554.49),
(63, 65, 38, 338.45),
(63, 71, 26, 349.43),
(63, 77, 14, 188.89),
(63, 78, 33, 731.71),
(63, 90, 19, 49.36),
(64, 9, 14, 46.12),
(64, 13, 19, 880.36),
(64, 14, 23, 432.28),
(64, 37, 22, 313.17),
(64, 50, 26, 73.58),
(64, 70, 30, 659.84),
(64, 74, 22, 965.37),
(64, 83, 27, 762.17),
(64, 95, 36, 439.01),
(64, 114, 21, 61.4),
(65, 108, 19, 142),
(66, 12, 39, 309.76),
(66, 39, 22, 478.77),
(66, 59, 24, 776.58),
(66, 104, 20, 832.5),
(66, 110, 2, 97.95),
(66, 113, 14, 588.32),
(67, 2, 22, 110.27),
(67, 6, 40, 373.95),
(67, 7, 36, 858.08),
(67, 19, 22, 162.16),
(67, 23, 2, 434.1),
(67, 26, 28, 211.13),
(67, 84, 22, 120.07),
(67, 87, 16, 67.72),
(67, 92, 6, 791.01),
(68, 57, 20, 625.39),
(68, 69, 27, 617.95),
(68, 92, 30, 490.53),
(68, 103, 26, 850.07),
(68, 112, 26, 656.57),
(68, 113, 10, 672.54),
(69, 6, 35, 966.92),
(69, 9, 20, 27.89),
(69, 59, 26, 288.31),
(69, 68, 8, 299.62),
(69, 70, 27, 236.77),
(69, 79, 2, 598.44),
(69, 96, 6, 137.26),
(69, 106, 15, 145.53),
(70, 3, 7, 914.17),
(70, 4, 18, 388.58),
(70, 6, 10, 28.19),
(70, 15, 9, 782.23),
(70, 22, 30, 282.55),
(70, 25, 32, 107.97),
(70, 26, 25, 884.83),
(70, 82, 21, 478.74),
(70, 93, 27, 542.44),
(70, 107, 31, 147.97),
(71, 6, 40, 275.1),
(71, 27, 5, 141.71),
(71, 28, 18, 863.86),
(71, 32, 15, 664.81),
(71, 47, 25, 953.46),
(71, 74, 38, 281.93),
(71, 99, 18, 247.79),
(71, 101, 33, 653.2),
(71, 108, 28, 808.26),
(72, 59, 39, 143.25),
(72, 63, 3, 759.63),
(73, 31, 31, 574.2),
(73, 43, 1, 308.8),
(73, 46, 23, 778.88),
(73, 61, 28, 565.33),
(73, 65, 16, 604.52),
(73, 101, 36, 651.83),
(73, 103, 23, 883.09),
(73, 108, 13, 301.05),
(73, 109, 40, 364.96),
(74, 28, 21, 971.19),
(74, 35, 32, 857.12),
(74, 36, 27, 622.41),
(74, 47, 23, 317.51),
(74, 59, 36, 935.39),
(74, 67, 35, 893.18),
(74, 99, 5, 45.47),
(75, 8, 36, 208.56),
(75, 23, 28, 433.83),
(75, 49, 29, 930.1),
(75, 54, 6, 808.44),
(75, 63, 21, 56.14),
(75, 104, 33, 873.88),
(75, 112, 29, 773.95),
(76, 5, 11, 662.78),
(76, 77, 20, 2.52),
(76, 83, 13, 372.22),
(76, 91, 19, 754.86),
(76, 112, 24, 673.96),
(77, 23, 21, 41.34),
(77, 39, 10, 450.85),
(77, 43, 15, 933.93),
(77, 55, 21, 738.16),
(77, 59, 36, 812.96),
(77, 64, 25, 358.2),
(77, 92, 33, 744.12),
(77, 95, 8, 325.3),
(77, 109, 26, 230.34),
(78, 17, 29, 397.47),
(78, 42, 35, 411.28),
(78, 46, 1, 732.92),
(78, 69, 27, 838.38),
(78, 70, 10, 622.22),
(78, 71, 35, 900.96),
(78, 82, 37, 543.96),
(78, 83, 7, 773.09),
(79, 91, 37, 277.44),
(80, 29, 2, 626.86),
(81, 7, 24, 684.17),
(81, 30, 34, 321.49),
(81, 52, 17, 835.58),
(81, 54, 5, 846.66),
(81, 76, 3, 120.77),
(82, 74, 27, 8.1),
(82, 76, 6, 320.6),
(82, 93, 27, 903.46),
(82, 101, 38, 355.91),
(83, 18, 19, 973.6),
(83, 57, 11, 204.66),
(83, 62, 23, 289.75),
(84, 42, 28, 276.81),
(84, 71, 26, 767.98),
(85, 25, 39, 49.41),
(85, 58, 32, 810.12),
(85, 100, 1, 881.99),
(86, 4, 21, 788.98),
(86, 13, 35, 812.89),
(86, 26, 25, 239.88),
(86, 27, 29, 850.48),
(86, 47, 40, 139.31),
(86, 61, 14, 799.36),
(86, 64, 19, 679.24),
(86, 74, 23, 295.07),
(86, 99, 17, 578.86),
(87, 30, 31, 168.92),
(88, 4, 5, 585.79),
(88, 17, 17, 780.55),
(88, 20, 36, 70.64),
(88, 28, 21, 406.44),
(88, 52, 16, 401.77),
(88, 56, 6, 982.96),
(88, 57, 34, 829.77),
(88, 67, 16, 624.34),
(88, 112, 5, 438.87),
(89, 33, 14, 492.66),
(89, 53, 1, 381.99),
(89, 76, 23, 512.67),
(89, 79, 6, 114.88),
(89, 87, 21, 363.79),
(89, 89, 35, 837.22),
(89, 112, 37, 580.57),
(89, 114, 36, 246.71),
(90, 16, 20, 592.8),
(90, 29, 23, 693.18),
(90, 30, 7, 187.19),
(90, 45, 13, 216.74),
(90, 48, 22, 811.26),
(90, 56, 39, 105.75),
(90, 84, 29, 773.38),
(90, 100, 10, 872.49),
(91, 12, 34, 905.38),
(91, 23, 22, 109.68),
(91, 50, 20, 320.35),
(91, 51, 5, 457.23),
(91, 58, 6, 459.43),
(91, 69, 14, 285.3),
(91, 82, 26, 903.87),
(91, 91, 32, 960.72),
(91, 99, 19, 66.42),
(91, 110, 16, 878.12),
(92, 25, 3, 473.46),
(92, 53, 12, 996.94),
(92, 61, 39, 940.59),
(92, 71, 21, 460.88),
(92, 76, 34, 526.43),
(92, 109, 38, 952.57),
(93, 3, 4, 400.66),
(93, 19, 1, 557.95),
(93, 36, 8, 216.21),
(93, 68, 8, 250.29),
(93, 72, 39, 580.68),
(93, 94, 25, 487.03),
(93, 108, 8, 463.83),
(94, 23, 6, 420.16),
(94, 24, 27, 306.62),
(94, 36, 33, 988.6),
(94, 39, 26, 512.38),
(94, 47, 40, 696.49),
(94, 74, 37, 453.45),
(94, 77, 3, 697.29),
(94, 86, 12, 404.8),
(94, 108, 37, 573.56),
(95, 11, 9, 61.42),
(95, 15, 21, 630.26),
(95, 19, 20, 630.98),
(95, 48, 29, 12.79),
(95, 85, 2, 569.09),
(95, 94, 21, 929.09),
(95, 100, 19, 37.48),
(95, 105, 24, 676.52),
(95, 109, 9, 939.11),
(96, 38, 7, 194.45),
(96, 67, 14, 361.93),
(97, 5, 20, 640.06),
(97, 53, 37, 21.55),
(98, 21, 5, 684.59),
(98, 49, 5, 140.06),
(98, 72, 8, 525.07),
(98, 77, 38, 647.15),
(98, 87, 33, 95.85),
(98, 101, 20, 347.91),
(99, 48, 3, 758.71),
(99, 59, 40, 771.92),
(99, 85, 26, 300.88),
(99, 91, 25, 218.53),
(99, 93, 38, 293.98),
(99, 99, 21, 324.87),
(100, 39, 36, 411.25),
(100, 89, 38, 939.27),
(100, 102, 18, 451.27),
(101, 1, 29, 72.89),
(101, 3, 29, 335.59),
(101, 25, 35, 968.53),
(101, 34, 10, 623.76),
(101, 57, 38, 563.4),
(101, 61, 29, 563.51),
(101, 84, 11, 363.67),
(101, 86, 29, 241.03),
(102, 39, 25, 871.1),
(102, 65, 26, 792.1),
(102, 70, 22, 61.4),
(102, 73, 36, 184.69),
(102, 76, 8, 770.28),
(102, 96, 29, 125.99),
(103, 2, 2, 85.03),
(103, 66, 9, 942.98),
(104, 2, 34, 370.11),
(105, 36, 1, 475.85),
(105, 68, 34, 186.06),
(105, 74, 28, 220.93),
(105, 92, 38, 340.6),
(105, 97, 40, 145.97),
(105, 111, 10, 712.66),
(106, 41, 37, 467.91),
(106, 90, 34, 525.08),
(106, 105, 5, 257.47),
(107, 102, 10, 85.49),
(108, 74, 35, 762.69),
(108, 102, 32, 938.7),
(109, 60, 31, 900.03),
(109, 61, 17, 893.1),
(109, 74, 7, 925.4),
(109, 76, 13, 746.07),
(109, 79, 34, 557.24),
(109, 85, 2, 969.23),
(109, 89, 20, 373.25),
(110, 14, 26, 706.61),
(110, 15, 29, 338.78),
(110, 19, 10, 347.73),
(110, 38, 26, 944.58),
(110, 59, 25, 436.41),
(110, 74, 32, 43.45),
(110, 111, 13, 875.92),
(111, 28, 18, 137.99),
(111, 77, 18, 64.2),
(112, 5, 36, 687.68),
(112, 13, 14, 134.87),
(112, 48, 26, 509.72),
(112, 53, 6, 681.97),
(112, 113, 25, 388.72),
(113, 1, 26, 18.15),
(113, 18, 6, 244.81),
(113, 36, 16, 572.58),
(113, 45, 27, 907.37),
(113, 80, 38, 818.22),
(113, 91, 26, 770.45),
(113, 98, 24, 320.34),
(113, 100, 20, 480.56),
(114, 13, 15, 821.14),
(114, 17, 5, 425.22),
(114, 43, 17, 79.93),
(114, 51, 35, 538.76),
(114, 103, 1, 467.61),
(115, 9, 9, 224.04),
(115, 15, 26, 843.01),
(115, 20, 10, 147.37),
(115, 22, 9, 540.58),
(115, 49, 30, 560.69),
(115, 65, 17, 843.78),
(115, 85, 36, 990.23),
(115, 103, 18, 348.84),
(115, 108, 23, 699.73),
(115, 110, 20, 274.54),
(116, 37, 5, 863.85),
(116, 65, 22, 813.24),
(116, 83, 19, 75.14),
(117, 13, 25, 879.62),
(117, 15, 2, 873.26),
(117, 36, 23, 34.28),
(117, 41, 39, 77.53),
(117, 55, 37, 891.1),
(117, 96, 37, 316.31),
(117, 98, 28, 818.31),
(118, 1, 2, 536.4),
(118, 24, 17, 836.72),
(118, 31, 8, 709.18),
(118, 42, 4, 955.6),
(118, 65, 31, 674.25),
(118, 75, 32, 120.51),
(118, 90, 18, 373.23),
(118, 104, 5, 394.28),
(119, 9, 1, 966.77),
(119, 11, 39, 347.06),
(119, 12, 8, 307.97),
(119, 17, 5, 981.45),
(119, 23, 8, 726.8),
(119, 33, 16, 447.83),
(119, 40, 20, 586.38),
(119, 55, 19, 640.11),
(119, 96, 15, 823.75),
(119, 106, 40, 321.7),
(120, 12, 30, 517.52),
(120, 21, 15, 3.33),
(120, 30, 20, 496.63),
(120, 63, 38, 31.49),
(120, 67, 1, 609.34),
(120, 111, 13, 955.74),
(121, 5, 18, 867.55),
(121, 18, 17, 482.26),
(121, 40, 12, 925.85),
(122, 36, 34, 869.92),
(122, 39, 10, 6.91),
(122, 44, 22, 687.89),
(122, 72, 11, 681.33),
(123, 9, 9, 422.51),
(123, 20, 20, 511.75),
(123, 25, 29, 344.77),
(123, 26, 26, 677.15),
(123, 48, 10, 645.09),
(123, 50, 39, 417.85),
(123, 62, 20, 35.69),
(124, 14, 5, 959.84),
(125, 2, 28, 42.33),
(125, 76, 16, 337.2),
(125, 95, 20, 44.57),
(125, 106, 22, 644.98),
(126, 3, 26, 875),
(127, 22, 19, 777.21),
(127, 26, 10, 444.26),
(127, 71, 18, 180.54),
(127, 75, 34, 281.81),
(127, 86, 10, 939.35),
(128, 40, 29, 162.86),
(128, 46, 35, 368.73),
(128, 53, 20, 554.61),
(128, 65, 6, 52.17),
(128, 68, 1, 839.43),
(128, 87, 16, 21.68),
(128, 89, 8, 389.82),
(128, 94, 40, 82.56),
(128, 106, 17, 456.84),
(129, 107, 16, 791.56),
(130, 21, 36, 55.86),
(130, 45, 9, 915.99),
(130, 60, 10, 513.41),
(130, 102, 40, 874.59),
(131, 21, 5, 400.93),
(131, 36, 5, 915.5),
(131, 37, 13, 377.27),
(131, 52, 5, 326.92),
(131, 67, 4, 926.26),
(131, 77, 40, 35.28),
(131, 98, 22, 532.43),
(131, 106, 23, 964.72),
(132, 22, 39, 106.33),
(132, 67, 37, 253.58),
(132, 84, 35, 792.59),
(132, 95, 33, 187.48),
(133, 21, 7, 72.33),
(133, 102, 34, 790.69),
(134, 48, 18, 730.76),
(134, 75, 3, 290.99),
(134, 100, 17, 756.44),
(135, 14, 37, 823.19),
(135, 54, 40, 685.07),
(135, 95, 24, 896.18),
(135, 112, 20, 58.73),
(136, 4, 14, 842.1),
(136, 7, 14, 302.44),
(136, 23, 37, 154.89),
(136, 28, 31, 615.33),
(136, 47, 32, 61.02),
(136, 72, 10, 287.31),
(136, 101, 40, 557.74),
(136, 112, 32, 879.72),
(137, 86, 1, 632.32),
(138, 20, 15, 253.92),
(139, 17, 34, 713.67),
(139, 27, 17, 489.67),
(139, 44, 32, 889.88),
(139, 47, 27, 33),
(139, 69, 38, 869.41),
(139, 97, 32, 101.27),
(139, 110, 34, 712.11),
(140, 36, 39, 225.25),
(140, 44, 25, 758.54),
(140, 49, 27, 796.66),
(140, 57, 17, 64.71),
(140, 76, 28, 180.96),
(140, 96, 21, 153.83),
(140, 107, 12, 355.86),
(141, 44, 14, 806.98),
(142, 2, 16, 781.8),
(142, 21, 2, 745.34),
(142, 56, 11, 424.08),
(142, 70, 34, 621.97),
(142, 71, 25, 925.87),
(142, 104, 27, 905.64),
(143, 17, 28, 971.28),
(143, 26, 32, 11.88),
(143, 77, 5, 884.49),
(144, 114, 10, 816.94),
(145, 49, 17, 297.23),
(145, 51, 35, 669.91),
(145, 58, 31, 311.15),
(145, 81, 31, 818.98),
(146, 24, 13, 740.66),
(146, 65, 34, 416),
(146, 67, 14, 734.68),
(146, 76, 36, 896.55),
(146, 78, 27, 433.03),
(146, 84, 11, 993.91),
(146, 95, 19, 457.58),
(146, 98, 13, 638.35),
(146, 100, 9, 845.69),
(146, 107, 24, 727.17),
(147, 6, 12, 371.07),
(147, 9, 29, 952.12),
(147, 41, 5, 635.98),
(147, 42, 16, 679.59),
(147, 43, 27, 169.37),
(147, 46, 30, 558.29),
(147, 49, 16, 793.54),
(147, 55, 25, 84.67),
(147, 112, 18, 765.44),
(148, 30, 21, 845.67),
(148, 32, 19, 313.04),
(148, 44, 34, 368.84),
(148, 68, 1, 745.26),
(148, 78, 27, 96.77),
(148, 83, 33, 654.92),
(148, 89, 9, 278.22),
(148, 93, 8, 899.93),
(149, 16, 14, 801.56),
(149, 21, 12, 737.11),
(149, 24, 12, 731.65),
(149, 33, 19, 680.81),
(149, 42, 6, 563.69),
(149, 49, 3, 647.04),
(149, 50, 15, 590.83),
(149, 95, 4, 425.77),
(149, 111, 33, 31.71),
(150, 40, 32, 213.03),
(150, 96, 22, 656.94),
(151, 6, 10, 791.46),
(151, 22, 13, 762.26),
(151, 38, 29, 687.25),
(151, 53, 33, 135.68),
(151, 91, 7, 748.55),
(151, 99, 16, 58.22),
(151, 111, 15, 489.52),
(152, 22, 37, 983.09),
(152, 39, 35, 319.69),
(152, 78, 10, 65.1),
(152, 91, 24, 413.08),
(152, 100, 23, 510.84),
(152, 106, 7, 198.25),
(152, 114, 32, 534.2),
(153, 50, 4, 352.08),
(153, 61, 15, 828.47),
(153, 102, 31, 331.19),
(154, 4, 18, 30.7),
(154, 31, 6, 540.02),
(154, 36, 29, 460.66),
(154, 81, 26, 502.12),
(155, 1, 11, 436.68),
(156, 87, 6, 927.93),
(157, 9, 19, 45.12),
(157, 34, 32, 211.62),
(157, 42, 12, 520.13),
(157, 72, 34, 49.66),
(157, 85, 11, 532.51),
(157, 114, 20, 188.09),
(158, 4, 6, 577.75),
(158, 15, 38, 832.52),
(158, 20, 5, 627.04),
(158, 65, 4, 881.42),
(158, 106, 27, 558.89),
(159, 10, 30, 43.6),
(159, 53, 7, 813.34),
(159, 83, 9, 626.62),
(159, 85, 21, 183.95),
(160, 6, 19, 269.08),
(160, 29, 13, 765.64),
(160, 57, 29, 331.13),
(160, 102, 23, 43.81),
(161, 6, 18, 513.05),
(161, 11, 7, 893.43),
(161, 12, 30, 59.39),
(161, 27, 7, 6.84),
(161, 50, 8, 607.36),
(161, 51, 33, 115.84),
(161, 55, 7, 637.77),
(161, 61, 14, 40.86),
(161, 64, 7, 55.51),
(161, 87, 35, 620.19),
(162, 14, 37, 103.22),
(162, 31, 9, 480.25),
(162, 53, 3, 277.57),
(162, 92, 36, 2.44),
(162, 106, 40, 282.46),
(163, 6, 17, 58.98),
(163, 45, 34, 859.94),
(163, 55, 1, 366.17),
(163, 60, 7, 679.02),
(163, 63, 14, 240.98),
(163, 68, 1, 518.75),
(163, 69, 32, 617.56),
(163, 103, 16, 859.39),
(163, 107, 3, 935.07),
(164, 56, 27, 285.33),
(164, 63, 1, 722.11),
(164, 64, 11, 153.39),
(165, 25, 3, 255.61),
(165, 37, 5, 65.88),
(165, 69, 37, 185.58),
(165, 89, 34, 40.46),
(165, 105, 13, 258.83),
(166, 17, 24, 405.24),
(166, 61, 19, 980.74),
(167, 13, 17, 792.48),
(167, 22, 26, 732.57),
(167, 35, 21, 788.77),
(167, 46, 26, 338.74),
(167, 55, 4, 616.96),
(167, 63, 5, 226.88),
(167, 65, 27, 343.53),
(167, 73, 34, 683.28),
(167, 81, 13, 142.29),
(168, 6, 19, 584.98),
(168, 23, 38, 2.09),
(168, 44, 1, 415.11),
(168, 49, 2, 911.47),
(168, 51, 24, 493.69),
(168, 86, 25, 707.32),
(168, 87, 7, 367.67),
(168, 101, 12, 442.1),
(168, 113, 13, 215.14),
(169, 19, 40, 684.49),
(169, 69, 29, 682.44),
(169, 95, 10, 621.95),
(170, 24, 8, 711.78),
(170, 31, 1, 931.67),
(170, 43, 10, 110.7),
(170, 53, 22, 739.72),
(170, 84, 14, 738.82),
(170, 109, 23, 647.94),
(171, 17, 28, 414.94),
(171, 33, 18, 567.05),
(171, 35, 21, 44.95),
(171, 77, 26, 668.38),
(171, 98, 29, 989.92),
(171, 114, 35, 173.35),
(172, 60, 10, 517.79),
(172, 65, 9, 673.04),
(172, 97, 27, 447.66),
(173, 23, 15, 136.93),
(173, 56, 33, 187.02),
(173, 61, 35, 94.52),
(173, 73, 27, 285.81),
(173, 94, 17, 174.69),
(173, 107, 24, 872.82),
(173, 113, 15, 166.92),
(174, 18, 29, 524.42),
(174, 70, 28, 740.78),
(174, 83, 22, 813.19),
(174, 106, 26, 574.59),
(175, 4, 40, 719.43),
(175, 12, 21, 718.7),
(175, 48, 14, 83.41),
(175, 114, 10, 54.08),
(176, 5, 35, 702.7),
(176, 21, 36, 505.19),
(176, 45, 14, 924.08),
(176, 75, 6, 345.27),
(176, 107, 4, 32.45),
(177, 6, 4, 545.65),
(177, 8, 4, 107.67),
(177, 38, 6, 189.14),
(177, 42, 10, 766.29),
(177, 57, 12, 822.05),
(177, 81, 21, 341.29),
(177, 83, 21, 493.23),
(177, 103, 5, 591.05),
(178, 21, 29, 345.85),
(178, 63, 17, 521.66),
(178, 84, 22, 12.55),
(178, 85, 5, 962.02),
(178, 86, 3, 976.36),
(178, 88, 31, 74.06),
(178, 101, 35, 553.27),
(178, 108, 3, 296.78),
(179, 34, 35, 704.97),
(179, 95, 11, 2.37),
(180, 45, 34, 486.63),
(180, 46, 7, 557.95),
(180, 69, 20, 958.58),
(180, 94, 40, 521.22),
(181, 1, 21, 606.58),
(181, 2, 35, 485.26),
(181, 10, 16, 325.53),
(181, 19, 27, 540.48),
(181, 31, 21, 597.18),
(181, 43, 2, 497.73),
(181, 54, 15, 484.2),
(181, 78, 11, 478.41),
(181, 83, 11, 893.88),
(181, 107, 26, 439.45),
(182, 6, 34, 259),
(182, 104, 12, 128.77),
(182, 114, 29, 698.91),
(183, 42, 34, 719.17),
(183, 47, 12, 18.14),
(183, 60, 38, 652.16),
(183, 62, 4, 333.41),
(183, 68, 21, 565.78),
(183, 84, 8, 132.4),
(184, 3, 35, 507.7),
(184, 10, 27, 689.33),
(184, 23, 31, 368.98),
(184, 32, 38, 616.72),
(184, 61, 25, 855.13),
(184, 72, 33, 710.83),
(185, 65, 39, 330.5),
(186, 36, 38, 37.67),
(186, 92, 35, 381.06),
(186, 100, 5, 205.01),
(187, 13, 6, 231.87),
(187, 23, 3, 178.98),
(188, 13, 24, 849.49),
(188, 35, 12, 355.14),
(188, 70, 33, 302.75),
(188, 75, 36, 875.94),
(188, 77, 3, 899.89),
(188, 82, 21, 246.09),
(188, 95, 33, 819.03),
(189, 16, 5, 622.9),
(189, 23, 21, 958.29),
(189, 28, 19, 789.87),
(189, 32, 37, 559.97),
(189, 33, 25, 224.4),
(189, 48, 38, 781.05),
(189, 60, 33, 547.23),
(189, 87, 10, 533.76),
(189, 93, 17, 959.72),
(189, 105, 4, 61.26),
(190, 42, 1, 386.44),
(190, 43, 29, 546.44),
(190, 48, 5, 660.16),
(190, 55, 8, 181.99),
(190, 58, 28, 115.25),
(191, 23, 6, 666.88),
(191, 33, 18, 130.12),
(191, 67, 33, 337.89),
(191, 71, 29, 405.5),
(191, 113, 9, 589.56),
(192, 3, 29, 15.17),
(192, 20, 31, 210),
(192, 86, 18, 922.22),
(192, 92, 11, 379.61),
(192, 100, 32, 926.76),
(193, 25, 25, 243.78),
(193, 53, 7, 436.24),
(193, 88, 8, 659.17),
(194, 23, 5, 515.06),
(194, 49, 28, 30.31),
(194, 70, 27, 31.16),
(194, 77, 16, 275.36),
(194, 107, 36, 992.04),
(195, 53, 2, 514.71),
(195, 72, 38, 654.05),
(195, 74, 37, 202.94),
(195, 85, 25, 515.01),
(195, 89, 6, 785.92),
(196, 7, 38, 310.19),
(196, 16, 1, 1.61),
(196, 84, 4, 137.3),
(196, 89, 33, 981.04),
(196, 102, 32, 684.42),
(197, 17, 18, 234.5),
(197, 26, 19, 837.16),
(197, 58, 26, 154.59),
(197, 65, 25, 478.12),
(197, 73, 1, 200.71),
(197, 79, 39, 998.98),
(197, 97, 27, 86.86),
(198, 2, 3, 501.8),
(198, 20, 4, 646.19),
(198, 24, 37, 891.7),
(198, 50, 38, 953.19),
(198, 82, 23, 908.74),
(199, 12, 17, 878.22),
(199, 62, 24, 190.9),
(199, 85, 16, 412.38),
(199, 95, 30, 42.44),
(199, 112, 4, 921.21),
(200, 4, 17, 497.62),
(200, 26, 12, 341.07),
(200, 31, 38, 750.86),
(200, 43, 26, 831.37),
(200, 70, 21, 205.15),
(200, 83, 26, 594.73),
(200, 85, 10, 636.77);

-- --------------------------------------------------------

--
-- Table structure for table `Products`
--

DROP TABLE IF EXISTS `Products`;
CREATE TABLE `Products` (
  `product_id` int(11) NOT NULL,
  `brand` varchar(30) NOT NULL,
  `category` varchar(30) NOT NULL,
  `model` varchar(30) NOT NULL,
  `price` float NOT NULL,
  `quantity` int(11) NOT NULL
) ENGINE=InnoDB DEFAULT CHARSET=utf8mb4 COLLATE=utf8mb4_general_ci;

--
-- Dumping data for table `Products`
--

INSERT INTO `Products` (`product_id`, `brand`, `category`, `model`, `price`, `quantity`) VALUES
(1, 'Apple', 'Smartphone', 'iPhone 12', 699, 63),
(2, 'Samsung', 'Smartphone', 'Galaxy S21', 799, 19),
(3, 'Google', 'Smartphone', 'Pixel 5', 699, 87),
(4, 'OnePlus', 'Smartphone', '8 Pro', 799, 0),
(5, 'Motorola', 'Smartphone', 'Edge+', 999, 29),
(6, 'Xiaomi', 'Smartphone', 'Mi 11', 749, 31),
(7, 'Oppo', 'Smartphone', 'Find X3 Pro', 1099, 0),
(8, 'Vivo', 'Smartphone', 'X60 Pro', 799, 100),
(9, 'Huawei', 'Smartphone', 'P40 Pro', 799, 85),
(10, 'LG', 'Smartphone', 'Velvet', 599, 74),
(11, 'Nokia', 'Smartphone', '9.3 PureView', 699, 37),
(12, 'Realme', 'Smartphone', 'X7 Pro', 449, 0),
(13, 'iQOO', 'Smartphone', '5 Pro', 599, 56),
(14, 'ZTE', 'Smartphone', 'Axon 30 Ultra', 599, 99),
(15, 'TCL', 'Smartphone', '10 Pro', 449, 49),
(16, 'Meizu', 'Smartphone', '17', 599, 80),
(17, 'ASUS', 'Smartphone', 'ROG Phone 5', 999, 15),
(18, 'BlackShark', 'Smartphone', '4', 499, 75),
(19, 'Apple', 'Laptop', 'MacBook Air', 999, 17),
(20, 'Dell', 'Laptop', 'XPS 13', 1199, 3),
(21, 'Microsoft', 'Laptop', 'Surface Laptop 3', 999, 34),
(22, 'Lenovo', 'Laptop', 'ThinkPad X1 Carbon', 1499, 0),
(23, 'HP', 'Laptop', 'Spectre x360', 1199, 46),
(24, 'Acer', 'Laptop', 'Swift 5', 999, 59),
(25, 'ASUS', 'Laptop', 'ZenBook UX425', 1099, 36),
(26, 'Razer', 'Laptop', 'Blade Pro 17', 2499, 69),
(27, 'Gigabyte', 'Laptop', 'Aero 15 OLED', 1799, 98),
(28, 'MSI', 'Laptop', 'GS66 Stealth', 1499, 42),
(29, 'Samsung', 'Laptop', 'Notebook 9 Pro', 1099, 88),
(30, 'LG', 'Laptop', 'Gram 17', 1499, 27),
(31, 'Huawei', 'Laptop', 'MateBook X Pro', 1499, 100),
(32, 'Dell', 'Laptop', 'Inspiron 14 5000', 599, 21),
(33, 'HP', 'Laptop', 'Envy x360', 849, 6),
(34, 'Acer', 'Laptop', 'Chromebook Spin 311', 299, 34),
(35, 'ASUS', 'Laptop', 'Chromebook Flip C434', 499, 24),
(36, 'Samsung', 'Laptop', 'Chromebook Plus', 499, 33),
(37, 'Lenovo', 'Laptop', 'IdeaPad 3', 349, 61),
(38, 'Apple', 'Tablet', 'iPad Pro', 799, 70),
(39, 'Samsung', 'Tablet', 'Galaxy Tab S7', 499, 81),
(40, 'Microsoft', 'Tablet', 'Surface Pro 7', 899, 6),
(41, 'Lenovo', 'Tablet', 'Yoga Tab 5', 229, 78),
(42, 'Amazon', 'Tablet', 'Fire HD 8', 89.99, 49),
(43, 'ASUS', 'Tablet', 'Chromebook Tablet CT100', 299, 60),
(44, 'Google', 'Tablet', 'Pixel Slate', 599, 93),
(45, 'Huawei', 'Tablet', 'MediaPad M5 Lite', 299, 79),
(46, 'Acer', 'Tablet', 'Iconia One 10', 149, 47),
(47, 'Archos', 'Tablet', 'Diamond Tab', 199, 38),
(48, 'HP', 'Tablet', 'Chromebook X2', 599, 87),
(49, 'LG', 'Tablet', 'G Pad 5', 149, 3),
(50, 'Samsung', 'Tablet', 'Galaxy Tab A7', 229, 14),
(51, 'Microsoft', 'Tablet', 'Surface Go 2', 399, 77),
(52, 'Lenovo', 'Tablet', 'Tab P11 Pro', 499, 42),
(53, 'Amazon', 'Tablet', 'Fire HD 10', 149.99, 67),
(54, 'ASUS', 'Tablet', 'ZenPad 3S 10', 299, 93),
(55, 'Google', 'Smart Display', 'Nest Hub Max', 229, 89),
(56, 'Huawei', 'Tablet', 'MediaPad T5', 199, 40),
(57, 'Apple', 'Headphones', 'AirPods Pro', 249, 17),
(58, 'Bose', 'Headphones', 'QuietComfort 35 II', 199, 47),
(59, 'Beats', 'Headphones', 'Solo Pro', 299, 64),
(60, 'Sony', 'Headphones', 'WH-1000XM4', 349, 9),
(61, 'Sennheiser', 'Headphones', 'Momentum 3', 349, 73),
(62, 'Jabra', 'Headphones', 'Elite 85h', 229, 29),
(63, 'Bowers & Wilkins', 'Headphones', 'PX7', 399, 27),
(64, 'AKG', 'Headphones', 'N700NC', 299, 47),
(65, 'Bang & Olufsen', 'Headphones', 'Beoplay H9i', 449, 96),
(66, 'Plantronics', 'Headphones', 'BackBeat Go 810', 149, 98),
(67, 'Audio-Technica', 'Headphones', 'ATH-M50xBT', 169, 37),
(68, 'JBL', 'Headphones', 'Club One', 199, 25),
(69, 'Shure', 'Headphones', 'Aonic 50', 399, 99),
(70, 'HyperX', 'Headphones', 'Cloud Flight 2', 159, 79),
(71, 'SteelSeries', 'Headphones', 'Arctis 7P', 229, 0),
(72, 'Corsair', 'Headphones', 'HS60 Pro', 79.99, 7),
(73, 'Logitech', 'Headphones', 'G533 Wireless', 129, 85),
(74, 'Razer', 'Headphones', 'Nari Ultimate', 199, 12),
(75, 'Creative Sound Blaster', 'Headphones', 'JAM Ultra Wireless', 29.99, 0),
(76, 'Canon', 'Camera', 'EOS R6', 2499, 35),
(77, 'Nikon', 'Camera', 'Z7 II', 2999, 21),
(78, 'Sony', 'Camera', 'A1', 6499, 49),
(79, 'Fujifilm', 'Camera', 'X-T4', 1699, 20),
(80, 'Olympus', 'Camera', 'OM-D E-M1 Mark III', 1799, 65),
(81, 'Panasonic', 'Camera', 'Lumix GH5', 1999, 31),
(82, 'Leica', 'Camera', 'M10-R', 7995, 69),
(83, 'Hasselblad', 'Camera', 'X1D II 50C', 5750, 72),
(84, 'Pentax', 'Camera', 'K-3 Mark III', 1999, 86),
(85, 'Sigma', 'Camera', 'fp L', 1999, 90),
(86, 'Logitech', 'Keyboard', 'G915 TKL', 229, 83),
(87, 'Corsair', 'Keyboard', 'K95 RGB Platinum XT', 199, 0),
(88, 'Razer', 'Keyboard', 'BlackWidow Elite', 169, 43),
(89, 'SteelSeries', 'Keyboard', 'Apex 7 TKL', 149, 26),
(90, 'HyperX', 'Keyboard', 'Alloy FPS Pro', 79.99, 99),
(91, 'Microsoft', 'Keyboard', 'Surface Keyboard', 129, 32),
(92, 'Apple', 'Keyboard', 'Magic Keyboard', 99, 64),
(93, 'Logitech', 'Keyboard', 'G Pro X Mechanical Gaming', 149, 70),
(94, 'Corsair', 'Keyboard', 'K70 RGB MK.2 SE', 169, 68),
(95, 'Razer', 'Keyboard', 'Huntsman Mini', 129, 15),
(96, 'SteelSeries', 'Keyboard', 'Apex Pro', 199, 80),
(97, 'HyperX', 'Keyboard', 'Alloy FPS RGB', 109, 61),
(98, 'Microsoft', 'Keyboard & Mouse', 'Wireless Desktop 900', 49.99, 19),
(99, 'Apple', 'Mouse', 'Magic Mouse 2', 79, 13),
(100, 'Logitech', 'Mouse', 'G502 HERO', 79.99, 6),
(101, 'Corsair', 'Mouse', 'Dark Core RGB/SE', 79.99, 10),
(102, 'Razer', 'Mouse', 'DeathAdder Elite', 69.99, 23),
(103, 'SteelSeries', 'Mouse', 'Rival 600', 99.99, 0),
(104, 'HyperX', 'Mouse', 'Pulsefire FPS Pro', 59.99, 40),
(105, 'Apple', 'Smartwatch', 'Apple Watch Series 6', 399, 21),
(106, 'Samsung', 'Smartwatch', 'Galaxy Watch Active2', 249, 25),
(107, 'Fitbit', 'Smartwatch', 'Versa 3', 229, 80),
(108, 'Garmin', 'Smartwatch', 'Vivoactive 4', 349, 55),
(109, 'TicWatch', 'Smartwatch', 'Pro 3', 249, 99),
(110, 'Amazfit', 'Smartwatch', 'GTS 2', 159, 6),
(111, 'Huawei', 'Smartwatch', 'Watch GT 2 Pro', 299, 85),
(112, 'Skagen', 'Smartwatch', 'Falster 3', 295, 88),
(113, 'Withings', 'Smartwatch', 'Steel HR Sport', 199, 27),
(114, 'Mobvoi', 'Smartwatch', 'TicWatch S2', 139, 21);

-- --------------------------------------------------------

--
-- Table structure for table `Users`
--

DROP TABLE IF EXISTS `Users`;
CREATE TABLE `Users` (
  `user_id` int(11) NOT NULL,
  `name` varchar(30) NOT NULL,
  `username` varchar(30) NOT NULL,
  `email` varchar(50) NOT NULL,
  `password` varchar(100) NOT NULL,
  `registered_date` date NOT NULL
) ENGINE=InnoDB DEFAULT CHARSET=utf8mb4 COLLATE=utf8mb4_general_ci;

--
-- Dumping data for table `Users`
--

INSERT INTO `Users` (`user_id`, `name`, `username`, `email`, `password`, `registered_date`) VALUES
(1, 'John Moore', 'rlittle', 'kerrdaniel@example.org', 'd9f31be340a88dd5efeb562323393f3bf68bf3aae2c37c62030e6537586ce7d6', '2009-12-20'),
(2, 'Stacy Flowers', 'guzmangrant', 'adamgordon@example.com', '4706386a34b6a0e84981059311c92afc3968f5b4356a6a6a409105ad8726d77d', '2021-06-11'),
(3, 'Emily Howard', 'michelle32', 'guerraphillip@example.net', '502e86ebcf4a7028f25a36898c508e67baabfb687a20eaa2d89db00a3177c1f1', '2008-07-17'),
(4, 'Daniel Mitchell', 'chenjeremiah', 'brooksdonna@example.org', '17db6a35e772ff5e6661b23d8d0a084ae205efba7a62a24eab981160334b01c3', '2005-06-24'),
(5, 'Mark Mathews', 'patelrichard', 'dfoley@example.com', 'be7360c4bab71d59e101f3054dfbb7d713ea0bb50a03308b294a254faa41638c', '2003-03-25'),
(6, 'Steven Williams', 'wrightrobert', 'ggreer@example.net', 'c535c71bfc5c8282cec9be089847141de351b47519920359b310d1820721ea55', '2021-04-08'),
(7, 'Erica Suarez', 'natashamorgan', 'stevenjensen@example.net', '0fe3cf275d1c327f7d47466884fba3137cb5fe986f919657932edeee87e68ae3', '2023-01-17'),
(8, 'Mia Martin', 'ricebarbara', 'williamslaurie@example.com', 'e4c4bdc6829c6484ac17a34a07a1908834dd4d8d34448402920a8aef4615b1ca', '2020-03-30'),
(9, 'Sarah Vaughn', 'dianamolina', 'roblespatrick@example.com', '1af5462983cbda447053b3ac51494e9f0aea7826447988b8cfe34d87e4fae2a7', '2019-12-04'),
(10, 'Mark Hawkins', 'devin34', 'jeremysuarez@example.net', '1a398c4c5f54d8814a4ad0560f3d34088d273a01ab92071e1cd2f6e604667040', '2005-10-24'),
(11, 'Robert Johnson', 'paynekevin', 'charris@example.com', 'efc10f19cb4b6924abe2f303d95a1ba3ed946829dc76b73a8c9db3f3cae3d84c', '2015-02-24'),
(12, 'Ethan Shaw', 'williamhoffman', 'jenniferoneill@example.org', 'ad1322b4f157051ad01cbd0d42d4151fa6f417c84793bd3c6056d0fda43f8ee2', '2019-03-05'),
(13, 'Austin Brown', 'cchambers', 'deborahbond@example.com', 'e27604dd2278c01ec0e16488b409bde360485933688f2fdcd9990bf7edcf8f1f', '2004-02-02'),
(14, 'Stephanie Juarez', 'stephenmendoza', 'hannah94@example.net', '78d29fe1849bbedd36d28297320a778913a5eaa7f864b48dca328acf7591ba60', '2016-03-30'),
(15, 'Kristine Lewis PhD', 'colleen39', 'vincentcunningham@example.org', '270fbf295782b70ff1f9300f5976edaf4daa4271177f2fcb406273c7f84f7927', '2022-05-21'),
(16, 'Patty Wilkerson', 'kennedywilliam', 'colleennelson@example.org', 'b5fae397711c312863d154d5de9f169970e4d2ce0b44103ba5be2a34c152d8ef', '2022-10-13'),
(17, 'Tina Jones', 'nicoleweeks', 'mcox@example.com', '668986a18a843541c47e871529f8f7870dbba5413e55b551abef3cec22e5f1de', '2011-05-21'),
(18, 'Cynthia Brown', 'haynesjulie', 'douglas29@example.net', 'be18b7c860bcb46e7cc12a12a7ee2a8a1d38a7f550f2285b4b723cca994a69b5', '2001-07-04'),
(19, 'Madison Jennings', 'kglover', 'kathleendrake@example.com', '5387674e3bb8ee0036ef83b0c6812b829b89db0b4d5d4eafad2b7e3db4ed60ee', '2001-11-30'),
(20, 'Sandra Mcmahon', 'williamkline', 'carmengould@example.net', '6768b5a99a337857ed021b9028985f33f05217179183b91bbf56e527f9ee5366', '2007-05-14'),
(21, 'Ashley Moore', 'jbolton', 'ginajones@example.com', 'b9fca4ee3ab9ec17d8bc926439ae90474d59bb1383b40d60b6d663035a6b66b7', '2010-12-12'),
(22, 'Lindsay Watson', 'xwhite', 'aaron96@example.com', '43e7ef5f3ad16bafb98ef1f241c8374d5e694046660591658d2b494f7634346c', '2017-06-17'),
(23, 'Daniel Beck MD', 'nhowell', 'kristie37@example.net', '4e336c9c45508b178bdfacf81d1a6ba6fad7781a50decb739518f2bc3c7edb95', '2006-05-04'),
(24, 'Leslie Gay', 'tami83', 'lindsay28@example.org', '6a0a1f24f8caa0e203a6ca6b45638317b0566195a71fda2caf56ec3113d74753', '2017-03-28'),
(25, 'Vanessa Rojas', 'pblack', 'dylan10@example.net', 'c6cc262449eeec104f6675c02146f8b3de62adba6b1c9a214d2fb57836ea8d10', '2015-11-02'),
(26, 'Eric Rich', 'daltondustin', 'taylorjohn@example.com', '5be931f9a2c50121ff61bb95e1194d0f96a1f284787b9e132a75078ef36a3ea1', '2007-04-10'),
(27, 'Charles Wilson', 'fhodges', 'chanjoseph@example.net', 'aa0baf08c1a780360929802c979ae2a93313c5b8a1d1bda78982cdb2fc2eb0a1', '2012-06-11'),
(28, 'Lindsay Hutchinson', 'morrowmelanie', 'brownbrian@example.com', '21105cfe6fdd768f701955bccf9495617c877d744b99ace6e696bb1aa5406e57', '2001-08-27'),
(29, 'Chris Benitez', 'vwashington', 'samantha81@example.com', 'ee214615bbaa1f6b77ad9971470ade0c91ecfb119e01433978c95e6ff868753d', '2022-06-02'),
(30, 'Stacy Valdez', 'michelethompson', 'mcarter@example.net', 'b8f0d99df2be0df61a76c55905414d38189f31cd2ab4df0633bd231924459385', '2005-04-15'),
(31, 'Samantha Blevins', 'chamberskimberly', 'jocelynwilliams@example.net', '4ab9350bd4c7bc56ba0a6bfae035cf24361e4dbfddfcbc03faac9c0fb468a8b9', '2023-01-28'),
(32, 'Wendy Curtis', 'kelleylisa', 'morganemily@example.com', '40e9ba9b1a1094ebcdbb4ef786d1aa7c61e1c1d84ec6d068079fae57a3597e7c', '2017-08-30'),
(33, 'Daniel Casey', 'turneramanda', 'diazdonald@example.org', 'c583cb736b4a66e9bbf5c89009d144b5ea7058a8b298b616b9138ec0672b78ae', '2009-06-13'),
(34, 'Jonathan Cortez', 'cchen', 'brucesmith@example.com', 'fb23c58261ec92c511f1cacccf4d63926c99a4e2ef146e775893a185c61363cd', '2013-10-12'),
(35, 'Caleb Murphy', 'thompsonjohn', 'gary82@example.org', '6e59c4ae5eb7c7db5126bc79a244e23103bfd8c63c5e63588cbb19a1b3df9ec7', '2000-03-28'),
(36, 'Vanessa Allen', 'bmoore', 'sarah68@example.net', '6239734215ec0b765e3e84b51f362ec4ea5149f5e7e11c91b8d5c81abe3a48c3', '2011-06-20'),
(37, 'Ashley Burns', 'preston31', 'pyu@example.com', '98b50492d533fe96cc3d5ef807c1d33e93d196a6f023349663869d5f10580497', '2005-11-13'),
(38, 'Abigail Carlson', 'starkjennifer', 'emiller@example.net', 'e80a790f6ba46659528fafb917b17a764e6d7fdff7147b905b7afd1fff38f64d', '2014-03-07'),
(39, 'John Vega', 'justin81', 'leegonzales@example.com', '5b16bda46279cea6e733baa999b1b02c24db3ea7029128bab76a2bdb24b6e544', '2017-10-01'),
(40, 'Vincent Kelly', 'obailey', 'kimberlyroberts@example.org', 'b315d8d012d5ea7de6ae2e4838a6a8260782affc16ad6736173395032293353e', '2007-05-03'),
(41, 'Francisco Benson', 'kelly59', 'jonesjesse@example.com', '7eea841e41b1abeca43c38575dfb0a0d2d8f69474e99ca3bd8994a8b43cf7e6b', '2022-12-18'),
(42, 'Travis Jones', 'bushscott', 'caroline37@example.org', '46402a420ba4f21dbe37bcb3c9088e2a902c572ea4c9c4c6f72feab764393a12', '2020-04-05'),
(43, 'Anthony Williams', 'ronaldwelch', 'lscott@example.net', 'aef97dc3ea3858c440ea56de74d663eb54361c03d7f928979f9f0a2ac7c789d8', '2018-05-13'),
(44, 'Kathy Smith', 'ijennings', 'kevinwest@example.net', 'e7cf2b35467548db682352531bc6f2a3b23b3a950d2d007360632aea8fa3b8c6', '2011-01-18'),
(45, 'Justin Taylor', 'william70', 'chloebrown@example.com', '19c7b9f82f76e6c73ebaa26cd60cad437b4b6d07bb90a5dc97d962d08f3e32dc', '2011-07-28'),
(46, 'James Martinez', 'hectorpeterson', 'speterson@example.net', '78e37a1d787b54dd040d25f84fd37aa18b63ac15a3f9961bc87e4318b0d4d813', '2019-04-30'),
(47, 'Tara White', 'beckerandrew', 'ryannelson@example.net', '843c0faf0553ac1aae730261ed14678204378ad33a9b182fb6c1ed6b901f59af', '2013-05-22'),
(48, 'Patrick Fernandez', 'troy78', 'william28@example.net', '9aae22912500b0fca1d5ba59b4ff5167bd213f08df3a3b66d65ec39dac4a9ce0', '2011-09-23'),
(49, 'Nathaniel Morse', 'bobby68', 'xcastillo@example.org', 'e5f7a40dc801ab26325384e36353b23c0e2f40604634bfeb8f063e105943e106', '2016-02-21'),
(50, 'William Berger', 'estradajennifer', 'william50@example.com', 'b5b79b1415f088343d222863a21eaef12a9cf2e0682d3f59013c8f91af15ac79', '2002-04-23');

--
-- Indexes for dumped tables
--

--
-- Indexes for table `Orders`
--
ALTER TABLE `Orders`
  ADD PRIMARY KEY (`order_id`),
  ADD KEY `user_id` (`user_id`);

--
-- Indexes for table `OrdersProducts`
--
ALTER TABLE `OrdersProducts`
  ADD PRIMARY KEY (`order_id`,`product_id`),
  ADD KEY `order_id` (`order_id`),
  ADD KEY `product_id` (`product_id`);

--
-- Indexes for table `Products`
--
ALTER TABLE `Products`
  ADD PRIMARY KEY (`product_id`);

--
-- Indexes for table `Users`
--
ALTER TABLE `Users`
  ADD PRIMARY KEY (`user_id`),
  ADD UNIQUE KEY `email` (`email`),
  ADD UNIQUE KEY `username` (`username`);

--
-- Constraints for dumped tables
--

--
-- Constraints for table `Orders`
--
ALTER TABLE `Orders`
  ADD CONSTRAINT `orders_ibfk_1` FOREIGN KEY (`user_id`) REFERENCES `Users` (`user_id`);

--
-- Constraints for table `OrdersProducts`
--
ALTER TABLE `OrdersProducts`
  ADD CONSTRAINT `ordersproducts_ibfk_1` FOREIGN KEY (`order_id`) REFERENCES `Orders` (`order_id`),
  ADD CONSTRAINT `ordersproducts_ibfk_2` FOREIGN KEY (`product_id`) REFERENCES `Products` (`product_id`);
COMMIT;

/*!40101 SET CHARACTER_SET_CLIENT=@OLD_CHARACTER_SET_CLIENT */;
/*!40101 SET CHARACTER_SET_RESULTS=@OLD_CHARACTER_SET_RESULTS */;
/*!40101 SET COLLATION_CONNECTION=@OLD_COLLATION_CONNECTION */;
